{
    "users": [
        {
            "name": "John",
            "surname": "Doe",
            "birth_date": "1990-05-15",
            "email": "john.doe@example.com",
            "email_alternative": "johnd.alt@example.com",
            "password": "hashed_password_1",
            "phone_number": 600123456,
            "gender": "Male",
            "remember_token": "randomtoken123"
        },
        {
            "name": "Jane",
            "surname": "Smith",
            "birth_date": "1995-08-22",
            "email": "jane.smith@example.com",
            "email_alternative": null,
            "password": "hashed_password_2",
            "phone_number": 600654321,
            "gender": "Female",
            "remember_token": "randomtoken456"
        },
        {
            "name": "Michael",
            "surname": "Johnson",
            "birth_date": "1988-12-10",
            "email": "michael.johnson@example.com",
            "email_alternative": "mike.j.alt@example.com",
            "password": "hashed_password_3",
            "phone_number": 600789012,
            "gender": "Male",
            "remember_token": "randomtoken789"
        },
        {
            "name": "Laura",
            "surname": "González",
            "birth_date": "1992-03-12",
            "email": "laura.gonzalez@example.com",
            "email_alternative": "laura.g.alt@example.com",
            "password": "hashed_password_4",
            "phone_number": 600112233,
            "gender": "Female",
            "remember_token": "randomtoken101"
        },
        {
            "name": "Carlos",
            "surname": "Martínez",
            "birth_date": "1985-07-19",
            "email": "carlos.martinez@example.com",
            "email_alternative": null,
            "password": "hashed_password_5",
            "phone_number": 600445566,
            "gender": "Male",
            "remember_token": "randomtoken102"
        },
        {
            "name": "Ana",
            "surname": "López",
            "birth_date": "1998-10-05",
            "email": "ana.lopez@example.com",
            "email_alternative": "ana.alt@example.com",
            "password": "hashed_password_6",
            "phone_number": 600778899,
            "gender": "Female",
            "remember_token": "randomtoken103"
        },
        {
            "name": "David",
            "surname": "Hernández",
            "birth_date": "2000-01-23",
            "email": "david.hernandez@example.com",
            "email_alternative": null,
            "password": "hashed_password_7",
            "phone_number": 600889900,
            "gender": "Male",
            "remember_token": "randomtoken104"
        },
        {
            "name": "Marta",
            "surname": "Pérez",
            "birth_date": "1993-06-15",
            "email": "marta.perez@example.com",
            "email_alternative": null,
            "password": "hashed_password_8",
            "phone_number": 600556677,
            "gender": "Female",
            "remember_token": "randomtoken105"
        },
        {
            "name": "Javier",
            "surname": "Ruiz",
            "birth_date": "1987-04-28",
            "email": "javier.ruiz@example.com",
            "email_alternative": "javi.r.alt@example.com",
            "password": "hashed_password_9",
            "phone_number": 600998877,
            "gender": "Male",
            "remember_token": "randomtoken106"
        },
        {
            "name": "Lucía",
            "surname": "Ramírez",
            "birth_date": "1991-11-03",
            "email": "lucia.ramirez@example.com",
            "email_alternative": "lucia.alt@example.com",
            "password": "hashed_password_10",
            "phone_number": 600334455,
            "gender": "Female",
            "remember_token": "randomtoken107"
        },
        {
            "name": "Sergio",
            "surname": "Torres",
            "birth_date": "1996-09-14",
            "email": "sergio.torres@example.com",
            "email_alternative": null,
            "password": "hashed_password_11",
            "phone_number": 600223344,
            "gender": "Male",
            "remember_token": "randomtoken108"
        },
        {
            "name": "María",
            "surname": "García",
            "birth_date": "1989-02-17",
            "email": "maria.garcia@example.com",
            "email_alternative": null,
            "password": "hashed_password_12",
            "phone_number": 600778899,
            "gender": "Female",
            "remember_token": "randomtoken109"
        },
        {
            "name": "Pablo",
            "surname": "Vargas",
            "birth_date": "1994-05-20",
            "email": "pablo.vargas@example.com",
            "email_alternative": "pab.v.alt@example.com",
            "password": "hashed_password_13",
            "phone_number": 600445566,
            "gender": "Male",
            "remember_token": "randomtoken110"
        },
        {
            "name": "Carmen",
            "surname": "Sánchez",
            "birth_date": "1997-08-23",
            "email": "carmen.sanchez@example.com",
            "email_alternative": null,
            "password": "hashed_password_14",
            "phone_number": 600112233,
            "gender": "Female",
            "remember_token": "randomtoken111"
        },
        {
            "name": "Alberto",
            "surname": "Molina",
            "birth_date": "1986-11-26",
            "email": "alberto.molina@example.com",
            "email_alternative": null,
            "password": "hashed_password_15",
            "phone_number": 600778899,
            "gender": "Male",
            "remember_token": "randomtoken112"
        }
    ]
}
